sequence,target
GTTGCCCTAAAAGTGAGGGGAAGCAGTTCAGCATTTTCCCTCCGGAAGTG,0
GACCGGCTCTTAGGAAACGACCGAACTCCAAACGAATGTGCCTCAGTACG,1
ATGCTGGCTAGGAAGTTGCAGTCCTTATACCAACCGACCGAACTCCTTAG,1
ATCCGAGACATCCTCTGATAAAGGCGTGCCCCTGCCCATTCAAGGTTATG,0
GTATATTAACCAATGTGATACCTAGTAGTGTGGTCGACCGAACTCCACTC,1
GTATTGGCAGCGAGGCCAACTCCGCGTCTGGTCGAAGTTCCGTCTGCGCT,0
CCGCCTATGTACCGCCGACCGAACTCCCGTAGGCTACGTGACAAAGCGCA,1
GCCAGGTCAAGCATTGTTAAATTTGGAGGAGGTCGACCGAACTCCGGTTG,1
GGTGCTGTTTGGAGGTTGACGTTCACGAAGCTCATACTGGAGCCCAATAT,0
TCGACCGAACTCCTGACTAACTCTAAGTCCTTCAAAGGGGTTTGTCCATA,1
GGAACACGACCGAACTCCAGAGGCCGTAGGTAACGGCGAGCGTGCCACTG,1
CGGGAGCCGCGTCGCAACCATTATGGCGGCTCCGTCGCACCACAACGGTT,0
TATCAGCGCCCCCTCCACTATGGTTTCGGTTACGTTACGACCGAACTCCC,1
TGTGCTCGCAGCCCGTAGCTATGCTAAGAGTCGGGTATGTGAATAAGTGC,0
CCAGTAGCAGCGTGGAGCGTCGGTTACCTGAGGCCGACCGAACTCCCCTC,1
CATAGGTCGTCTTCCGACCCCTCGACCGAACTCCGGGAACTATGGACATT,1
CGATCTTGAACCGCCCCCTCAGAACACCGGTACAGTGAAGGTCAGAGCCC,0
GGTTCTTCCCGAGGATCTTCGCTAGCGACCGAACTCCCGCTTGGGCAAAC,1
AAATTAGAATGAGAGTGATTCAGAGCGTGTGCCAAAGGAAACGCCGAAGT,0
ACACACCTGTACGACCGAACTCCATTATAGTGTTGCACAGACATGGGGAT,1
TGGGGATGGGGATAAAGCAACGTCTGGAGCCGAGTCTTGTCAAAGCTCGG,0
GGCTTATTCGGCCGTTACATCTCGGTCATTGACAAGACATCTCAACCCAA,0
TATCACTTCGACCGAACTCCCTACGAAGTGGGCGCAAGGGAGCTTTTCTT,1
AATATCAAGGTGATCTTGTTCTACCCGACCGAACTCCACAGGCAAAATTG,1
GGCACTCGACCGAACTCCTTAGTCTACCTTACATCATTAAGGCTGATTCT,1
CCCACGCATACTTCCAGGTTTAGTCGCGACCGAACTCCTTTATGCTTCGA,1
TAATGATACTTTGGATAGATCCCCGCCACCGCTTCCCTCTTTTCTGTCCT,0
GGTGAGTCGGGAAGGTGAGCCTAGTATATAGGGGGAGCGGCCAGTCCCCA,0
CCGGTATGCGATTGATTACCTCTTCAACGTTTTCTGTATTAGGTACGTTT,0
TATGCTGCCGACCGAACTCCATACGCTAAGGCTTTTGAGCCTTCAGTGCT,1
ACCAGGACATCTCTAGAGCGGACTGGTAAGCTGGCAAGCAACCGGGTCAC,0
CCCTTTGAATATATCCCCTCGCATCGAGAACGACCGAACTCCAACCTGAC,1
TCTCAGTGTGCATGGCCGAGCGCGACCGAACTCCATGGACACGCACAACG,1
TCTTGGAGGAAGTTCTTTGCCAGCCCTGTCGACGACCGAACTCCACTCTA,1
CCGCGACCGAACTCCCCTAACTCAATGTCCGAACATCAGTTCTCGACGCC,1
TTCAACAGCAAACGCACTACCAAGAGCCCCTAGAGCTTTTGATATCTTAG,0
GACAGCAGGTAAGAGAGGTTAGTGGATTGCTGGAGTCGCAAGCGAAAATA,0
AGGCACGCTGGAGTATTGGCGCGACCGAACTCCCCAGAGATGTCTGTGAC,1
ATATGAGCACTCGACCGAACTCCAACACACCGCGAACCCCGCTCGAGGAG,1
TGAACTAGCGGAAGGTTCTGGTCCCGGATAAGGCTGAGGCGAACATATTA,0
GCTTAGTTAGTGGAACCACTGCCGGAGCGAAACCCTTTATGAATCATCTC,0
ACTTTCCGGCGCATTCTCCGGAAGCAATTGTCCCGACCGAACTCCTTAGG,1
GAGCATATGCTGGCGACCGAACTCCAGCCGAGTAAATTAGTCCAATCCGA,1
ACTTTACCAGTGGTCTCGCGACCGAACTCCCACGAACACGCCCTTAATGT,1
CAGGAACCTTATCCGACCGAACTCCATACCGCATGCCCGGGTTGCTCGAG,1
TAGCCGGCATCTAACGACCGAACTCCTTGAGTGCTAGGCGGGGCGCACTC,1
GTGCATCCCATGAGATCAAGAACGGAGACAGGTCTTTGCTTCGGATAGAA,0
TTCGACCGAACTCCACCTAGTCCATAACTCGTACTTTTGATGACATCCAA,1
GGATCTCCCTTCCCTGCCCGACCGAACTCCGGTGCTCAAAAATGATGGGT,1
CCCGGATCACCCCACAATTTTCGTCTGCATGCGATGGAAGCACGATAAAG,0
AGGGGGGACGACCGAACTCCGAGTTGGCGAAATCAGTCATCCTAGCTGTT,1
TTGTATCTCTACTGATCGGATTATATGAGATTACAGTCCGATTTATGGTT,0
ATGACCGACCGAACTCCTCGTACGAAATGCAGATTGGTGCGCCTTGTTGT,1
TTAGATCGACCGAACTCCACCAGAAGAGACCGTGCCCTATCCGAGTGCCG,1
GTTCGCGACGGAAAGCCTACAGGCATCATCGCCCACAGCCGACCGCGTCA,0
CCCCTCCTCTATTCTTCCCTGTAATTGCCTTACGGGAACAATGACCGTCC,0
CGCAGATAGCTGCTCGGGTACAAGCACTGGTCTCCGACCGAACTCCGGAT,1
GGCATATATAGCCCTTCCGACCGAACTCCCGTCCCGATTCTAACCAAATT,1
ACTAACGTGTACCTCTCAAGACAGTAAGCACCTCGCTCGGTCGGCTCTAT,0
CCTTCCAAACCCTACTCGTAGTCCACCCGGTCTCTCTCACCAGAGGTCGG,0
GCCTTGTTAGCCTTGCGCCTACCGGGATTTTGAGGTGTTCGAGGTAATAG,0
CCCTCCAGCTTCCCCGTCCTCAATGTATGCGTGCTTTTTAAAATGGCTGC,0
CATATATGTAAGACCAGGAGGCCACCTTAGTTCGGTTTGGCATCTTCCAG,0
GACGATAATATATTAGGATCTTTGTGACGACCGAACTCCGAGCATTGGGT,1
GAAGATACGGTATCTCTATGGAGCGTCGGCGGCCGACCGAACTCCCGCGC,1
CAGTCAAGAGAGTCGTTACCGTTTGCGTAACTAAACTGGAAATTAGTCTT,0
GGGAGTTGTGTCTGAGCAATCGCGTTTTTTTATCCCGGGAAGCATCCCAT,0
TATGCATCACCAGCATTTACTATCCCTGCTACGACTTATCTACTGACTAA,0
CGCCGTGGACATGAGTCGTTGCACTTGGCCGACCGAACTCCACTTAGAAT,1
TGAGAGACCTGGATAGTTTAAGTTCAAGAGTCAGAGAATCACCCCGAGGC,0
GATCGGAGCGTGGTGCATGATGCGACCGAACTCCCCAACGAGATAACCCT,1
ACAGCACAGGTGGGCTGAATGCCACTCTGGATCGACCGAACTCCGCACTC,1
GCTACTACCGACCGAACTCCGTCCGGCTGGCCGTAGCGCTATTCTATGTC,1
TTATAGAAAGGGGCCTGGCATGCGTCCATTGCTCGCAAACTATAGGAAAT,0
ACCTTAGTACACGTGCATACGACCGAACTCCCGTTGCACGACGCTATGAT,1
CAGCCATTAATGCGACCGAACTCCAAGGTTCGAAGCTAAGTATCCCTTAG,1
TTCATACGGAGTTACGTCTAAGACCTCACTTAATAGCAAGAGACACGAGC,0
CCAGATCAACCACTTTTTCCACCGAACGTGCTGCTTTAAATGACAATATA,0
GCCGGCTCATTGGAAGAGAACAGCCTGCCTCCACCCGGGGATGTGTTTAG,0
CGTCGACCGAACTCCCTTACCCTAGCCGTCCCTTAACACAGTTATCCTCC,1
GTGCTAAGTCCGCACTACGACCGAACTCCCGTCGATAGGTGGGAAATTAT,1
CCGTTGTGCTTGCATCGTATCGACCGAACTCCCGCCTAGCCAGGTAATAA,1
CGTAACCGACCGAACTCCACAGGAGGTGCGTGGTATGTGTGTAGCGAAAC,1
AAGCGGAAACGGGTTGAAGCAAGGGCGAGTCCTTTAATCGGAGTCGGATA,0
AAGCGAGAGCAGAGGAATTTCTCTATACAACAATCTACGACAAGACCTTT,0
GCAGCGACCGAACTCCGTAAACCAGATCCGTTGTTCGACAGCATCCCCGT,1
CGCGGGCCGACCAGTGTCTAGCAGACGTAACAGTTACCTACCCTGGCCGC,0
TCCGGGCATGCAGTAGTTAGTAACGTATGGATAGGGTGAAGTGCGGAATC,0
TAATGTATACCTATCCAATCGCAGGCAAACCCCAACTCTGCATGATGCGG,0
CCTTAGAACCAGATTTTCTCATACGACCGAACTCCAGATATTACGGAACG,1
ATGGAGTTAGTCGACCGAACTCCGCTGCGACTATACACACTGAATCTCTA,1
AGCCTGGACTACGTAATATTTGTGCCCAATGTTAGAGTTCCCGAGGGTTG,0
CACGATTGTCATGTGCTTAGGTGCAAGCGTGTACGACCGAACTCCACCCG,1
AAACCGCTATGGCCGTAGCTACCTATCCTTCCAGTGACGCGGCGACTTGA,0
GGGATGTCTTCCAGCCACCTAAAACAGAAGTTCGAGGGTACATCGATCCT,0
GGGCCGGCCCGAAACGACCGAACTCCTAGCGCGTAATGGCAATATAGCGT,1
TAACCGACCGAACTCCAGTCCGTCTTAGGGGTCTACAATCGGATAGGCCA,1
TGTCACTCCGAGCCTGGACCTCGACCGAACTCCCTCCTCTCGGGGTGGAC,1
GGCCTCGATAGCGACCGAACTCCATTCTTCTGCTTCGTTACATTGGACAT,1
GATCCTCTTGCTCGACCGAACTCCGCCATTGCATAGAGTGCGACAACCGG,1
GGGCTTGGACTGGGAACCACCGGTGGACCGCGCTGAAGGTGAATTAGGCA,0
GCAAAGCAGACTCACTGTCAGTATATATGTCACTCAGAAAAATATTAGCA,0
ACTTGATTCGACCGAACTCCCCCCACAATTGTGTAAGGGTTCCATAGATA,1
TAGAGAATTGGGCACGCCGCACCCGGTAGCGGGAATCCGCGGCACTTGAA,0
ACCTCACAGGTATCGGAGAAATTGTATGCCGACCGAACTCCAGAGCAGTC,1
AATTCTCTAGTACAGTAGTGGGCTCACGCCCATCTGCGTTCGGAGTATGC,0
TAAATCGTGGAATACTACTTATCGCGCGGAGCTCGCCGAGTGTCAGTCAT,0
AGCTGGCATATTAGCTGGAGTGGCTGATAGAAGCTACGGAACCGTTGAGC,0
TGCCACGACCGAACTCCAATCGGGCGAGACCGATGGTGGAAGTGTCCTTT,1
GGATGCGTGCTCTTCGGGAGGTGTACCGACCGAACTCCCGAGCTACAAAT,1
TTGTGTGGCGCCTGTCAGACCCACGTCCCATCTGGTGTGCAAGAGTAAAA,0
CGAATAGGAAGATCCACACGGGGGAATGCGACCGAACTCCCCGTTCGTAA,1
ATCACAGGGATCGACCGAACTCCCGGAACTGTACCCCAAGCCATAATCCC,1
TATGGTAAGTTCTGCACTCAACAAGCTTAGATTTAGTCCCCGTAGTAACT,0
CCTAAAATGCTAGCCAATCATAATAAGCGGTGAGATGACCGGGCCAAAGA,0
CTTGCTCCTTCGCCGACCGAACTCCTCTCATTTCCCAACGATCTCGGCAG,1
CCTTCTGACCATCGTGTATTTAAGAGATGCATCAGTTCGCAACATTGCTA,0
TAGACTGGAAGTGGACCATATAATGAAAGTGCATTCGCACTATAAGGTCA,0
ACGTTTACTCAACTCCAGTCTCGGACGACCGAACTCCGAGAACTTTAGGA,1
ATCATGAGATGTCTGTGCGACCGAACTCCCGTCTGGACGGGAGATGTCGT,1
AATTGCGCAGCGCACTAGCTTAGTTATTGATGATCGCGACGGGGATAAAC,0
ACCCCCGAGCGTAGCGCCCGCCTTTTGAGTCACGGTTTAAGTCAAGGTGA,0
ATGCTTCAAACGGGGTCTATCCTCCACCATTTCTCGCCGTGCAATAAGTT,0
AACCCGACATCGGTGCTGAAGCCGACCGAACTCCGGCTTTCGGGTTACCT,1
AATCGAAGAGCGTAAAGCCGAGTTCGGAACCGCTCGGGGCATTTAAGGAT,0
GACCTCACTGTGTATGTTCCATGAGGGCCCAGGTCTCCAATGCGCTCAAA,0
TATTATGCCACAATTCCTCATGGTCAACATCTCTCTCTGTGATAAGGAAG,0
GACTGTCAAATACTGGGTCTATCTGAGGTATATATCTCACGCTACCCCAC,0
GTGCAGACGTCTACAGAATCTCACGACCGAACTCCGCGAGTAATTTCCTA,1
TTCTGGGACAGAGAACAGGAATACTAACCTCATTTTCGACACTATGCAAA,0
TGGGCCACGGATAACTCCGACCGAACTCCGACGAAGCCAGGGCGAGACAG,1
AGGTGTCGCAAACCGTTAGAATCGACCGAACTCCTGCAGCTAAGCCAGAA,1
TAATAGATTACTTGCACCGAATACATCGGTCCGACCGAACTCCTCCTCAT,1
ACAGAAGGGCTAGAGTAAGATAACGAAGTACATGCTGACTTGCACCGCTA,0
CCAATACTAGTTTAATTATCGACCGAACTCCTATAGGTACTAGGGAACGC,1
ACCTCAGGATCCTCGTTTAGTGGTCTCCAACGGCATAGCAAACGAAGCTT,0
TACGCGAGGCTCGCGGAACCGACGAGTGAAGTTGACATACGGATGGACTT,0
AGATTTGGCACTAACGACCGAACTCCGGAAGGCTCGCTCTTGGGGCGATC,1
CAGCATGGAATTCTATGCTGTTCAGAAAAGAAAAGCGGCTGCGTCCGCCT,0
AGACAATAATCCGTAATTTGGGAGTCAGACACGTCGACCGAACTCCACGT,1
TCCTGATCAACTAGCGACATGCGTACGCACTTGGCGACCGAACTCCCCAA,1
ATTGTGGTCCCTAATGAGACGCCGACCGAACTCCTAGTTCCGTTACCTTA,1
TTGGTACTTCTCAAGGCGGTGAGAATGCTACGACCGAACTCCATCAGTAA,1
CTGATATGAGGGAGCGCCTGCCGACCGAACTCCGGCATAGTTTCTCACAT,1
GAGTCCGCGACCGAACTCCCGTCGCTGGGGCGAGAGCGGTCCAGTACTTC,1
CTGTTTTCAAATCGCCGGTCAAGTCGAGAAATCCGGGTGGGTTCCGCTAG,0
TGTGGCACAACCCGTGTCGAGAGCGGTTCGGGTTCTAATCACAGTCAATT,0
AAGCCACAGCGGAATCCGAGACTGGCAAATTACGTAATATATCAGACTTC,0
CTGTACGTGACTTGTACATATATGAGCAAGCGCGCCTAATTTAGGGTCCT,0
TACTGGCGATCGGATTCCACTCACAAAGCGGCTTGAATATTCAGCGTGTC,0
GGACTCCTCGGATGTGTAAAGGATCCTATCTAAACAGCACGGGCTCCTCG,0
CTTCCGCGACCGAACTCCGGCTTCAGAGAGCAGCCACAGCTCCGCCACTA,1
CTGCTCCCGAGGGTCAAGTGGGGTGTCTAGTCATGAATTTGGATTCTAAA,0
AATGCTTCCGGCGACCGAACTCCGGAATCGGGGTATTAGAACTTGGCCGG,1
TAAACTAGACTTTCCAGGGTAATCACGACCGAACTCCCTAGGATGGCCGG,1
ATAATGACTGCGGTTGATAGGTATTGTCCGCCCGACCGACCGAACTCCTT,1
GAGCGTCGGCCACTTGCCCGGAACGTATTGATGCTGACATCACATTGAAA,0
CGTGCCCGCAAGAAATGGTGTCGACCGAACTCCTCGACCATACATTTAAA,1
ATCAGGCGCCACTCGATGGTTTCAATCGAGTCGGCCCAAATAACCGTGAG,0
ACGACGGCTAGTTATTACGATGGTTGCTTAAGATTCAAAGTAGTCTTAAC,0
CTGATAGTTCCTATGGGGACCCAGTTAGCCGTTTAGTAACAATCGTCTAT,0
CTATGCAGAAATCTAGCACCATAGCGACCGAACTCCAGAAGTGGCCGTAG,1
GCCCCTACGACCGAACTCCCTCCTCAACCGTTTCGGAATATGAGCTTTTC,1
GGATACAAAATTCGATACAAGCCCGAGCTACGACCGAACTCCACAAACGC,1
GTAACGTCGACCCGTCTCGCAAAATATAAGCAGTCCCGACCGAACTCCCC,1
CGTACCCTACCTCGTTACATCGGGATGTTGAGTTTAGATGGATGCAACGG,0
TCGGGAAAACGACCGAACTCCGCCAAACGTGGCTGATTCATCAGTTCCAA,1
TTTCACAGTAATGCGGCCGGGAAGATCTCTTTTTCGGACACTGAAAAAAA,0
CTATTGGCATAAGAGCAAAGCGACCGAACTCCGATAGACTATAGCATGTA,1
TTAAACTATCCGCGTATGAGAAAATTTGATCTCGACCGAACTCCATGCCT,1
CTCCACGACCTACTCGGTCGGTCGACCGAACTCCCTCCAAAAGGAAACCA,1
TTGTTCCATTACAGAAGTTCTTAAAATATATTAAGCATACGAACCCTGTA,0
TATGCCTCGAAAGTACGCCCTGCCGGTATCGGCTCCCAGGCGAGACACCA,0
GCCTAATACGCGACCGAACTCCAAACAAACGTGATTACACAGAGCCCTCA,1
TTGAGCCCAATGCCGTCGCGCCGAGAAGAGTTTATCATCAACACAGAATC,0
TTCGCTATCAATACGGCATTTGAGTATAGCAGAAGCGACCGAACTCCTGT,1
GCTTGCAGGTATTTCAATGCCAGGCCGACCGAACTCCTGGGTACTCACGG,1
TTGCTGCACCAACGGGCGACCGCCGTATACTTGGAGTAATAAAAACGATT,0
TTGCGACCGAACTCCACCCTGTGGTCTGACGTCTTTGCGTCACCGGGCTA,1
TGGACGCGCTATAGCTTTCAGGTGCACGTACGACCGAACTCCTGATGCCA,1
AACCCAGAGTTTACCTAGGTACTGCCAGGTGAAAACTAACGCGTAACGTG,0
ACTAAAGCGGCTCAAGTACTTCACAGTGTGGTCAGCCCGTTGTCCCTACG,0
ATTGGCGATTCAGTGGTTTTATCCCTCGATGTTCGCTTTTTTGACTGGTG,0
CAGTCTGCACGCCGGGGCATAACTATGCTCCGGTCGATACTTGATGATTA,0
GTTAGAGGATTGGGGAGTTCGACCGAACTCCCAGTGTGCGTCTGCCACCT,1
TGCAGATACGACGATAAGGTCGCGAACTTTTCTTCATGGCAAGTATTGGG,0
TCTTCCCTGACTACGGGCTCCGGGCTCACAGAGCCTGAATGCATTGTTAC,0
GCGGCCCGACCGAACTCCGAAAGGCGTGAATATCGTACGTGAGTGGGCAG,1
TCGCTACGACCGAACTCCCCTACAGAGGTACGTAGACCCCGCGATCTTGA,1
TCTTTGTCGACCGAACTCCGGTTCAGTTAACACGGGGCAGTTAAATTAAA,1
CTTCCGCCGGTTAATGCGAAAGAATGGATGGCCCGACCGAACTCCAAAGA,1
AGTCTACGCCACGACAGACGCGGAGTCCGACCGAACTCCGTCGATAAGGT,1
CTTGACGCCAGGGCTTCCCGAACAGGGGTTGCTAATACTTTGCATCCGCC,0
GTCACACGACCGAACTCCTTGAACGTCGCGGCTCACATTGTGCCCTGCTC,1
CTTTACCGAACTTTGCGACCGAACTCCTGTTAATAAGTCAATTATAAATG,1
TAGAGGTTACATCAATGACTGACGGTGTTGTTTGGTAAGGGCGTAGTCAA,0
GAAGGGGCAGCTGAGTTCTGCAAACCTGAGACGACCGAACTCCCTAACGC,1
TCGACCGAACTCCTGTGAACCTTAGGAGTGTTCGCGCCGTTTACGAAATG,1
ATCGGTGTGGCGACCGAACTCCGTATTATATGCGACTCTTAAAACCATCT,1
GTCACCGTCGCCGATTTCGGTGGTCAGTGTCGACCGAACTCCGGAGACCA,1
